Sample Name,Plate Well,Index Sequence,Post-purification TapeStation Reading (ng/uL),Average Size (bp),Purity,NOTES,Reads(M)
SFRC01565_B1,A05,AGCCATGC,8.79,425,,,50
SFRC01565_AD,B05,GTACGCAA,7.56,379,75 - 80%,,200
SFRC01489_E1,C05,AGTACAAG,10.8,436,,from eyebrows,150
SFRC01489_A2,D05,ACATTGGC,6.32,352,65 - 70%,,200
SFRC01030_1A,E05,ATTGAGGA,3.53,353,30%,Deep WES. B1 already sent for WES,300
SFRC01622_B1,F05,GTCGTAGA,6.79,423,,,50
SFRC01622_1E,G05,AGAGTCAA,5.31,350,25 - 35%,Deep WES.,300
SFRC01525_B1,H05,CCGACAAC,8.16,413,,,50
SFRC01525_1J,A06,ACGTATCA,3.58,322,80%,,200
SFRC01562_B1,B06,GTCTGTCA,6.52,447,,,50
SFRC01562_1M,C06,CTAAGGTC,3.21,344,80%,,200
SFRC01560_B1,D06,CGACACAC,5.27,449,,,50
SFRC01560_1AG - FAILED,,,,,,,NA
SFRC01584_B1,F06,GTGTTCTA,4.69,432,,,50
SFRC01584_2.2,G06,CAATGGAA,3.25,322,40%,,200
SFRC01595_B1,H06,AGCACCTC,10.1,427,,,50
SFRC01595_1O,A07,CAGCGTTA,1.92,312,60 - 65%,,200
SOL2_0104/SFRC01529_A8,B07,TAGGATGA,1.86,289,30%,B1 sent for WGS,300
SFRC01609_B1,C07,AGTGGTCA,9.16,423,,,50
SFRC01609_1,D07,ACAGCAGA,3.07,304,40%,,200
SFRC01563_B1,E07,CATACCAA,5.35,392,,,50
SFRC01563_I1,F07,TATCAGCA,4.25,301,60 - 65%,,200
SFRC01577_B1,G07,ATAGCGAC,4.58,390,,,50
SFRC01577_1.5,H07,ACGCTCGA,3.95,280,70%,,200
SFRC01447_2A,A08,CTCAATGA,2.44,406,60 - 65%,B1 already submitted for WES,200
SFRC01569_B1,B08,TCCGTCTA,2.98,444,,,50
SFRC01569_4.1,C08,AGGCTAAC,1.53,286,25 - 30%,,300
SFRC01580_B1,D08,CCATCCTC,6.35,463,,,50
SFRC01580_1F,E08,AGATGTAC,3.79,300,80 - 85%,,200
SFRC01625_B1,F08,TCTTCACA,5.49,424,,,50
SFRC01625_1C,G08,CCGAAGTA,3.26,344,65 - 70%,,200