Sample Name,Sample ID,Library Plate Well,Index Well,Index Sequence,Post-purification TapeStation Reading (ng/uL),Average Size (bp),Molarity (nM),Requested Reads,,File basename
SFRC01086_1M,MGC-AC-4070-2,A3,E02,CGAACTTA,1.71,230,11.44,300M,degraded?,220225_A00692_0271_MGC-AC-4070-2_SFRC01086-1M_external_SSXTLICREV2_L000
SFRC01086_B1,MGC-AC-4070-11,B4,F03,GCGAGTAA,2.65,341,11.96,50M,,220304_A01221_0106_MGC-AC-4070-11_SFRC01086-B1_external_SSXTLICREV2_L000
SFRC01098_B1,MGC-KS-3957-5,E1,E09,AGATGTAC,5.12,381,20.67,50M,,220304_A01221_0106_MGC-KS-3957-5_SFRC01098-B1_external_SSXTLICREV2_L000
SFRC01098_S1,MGC-KS-3957-6,F1,F09,TCTTCACA,6.02,352,26.31,300M,,220304_A01221_0106_MGC-KS-3957-6_SFRC01098-S1_external_SSXTLICREV2_L000
SFRC01099_1A,MGC-KS-4047-7,F2,B02,GAGCTGAA,2.37,310,11.76,200M,,220225_A01221_0105_MGC-KS-4047-7_SFRC01099-1A_external_SSXTLICREV2_L000
SFRC01099_B1,MGC-KS-4047-8,G2,C02,AAACATCG,3.4,361,14.49,50M,,220225_A01221_0105_MGC-KS-4047-8_SFRC01099-B1_external_SSXTLICREV2_L000
SFRC01117_A01,MGC-KS-3993-7,G1,C01,AACGTGAT,2.23,269,12.75,150M,,220225_A01221_0105_MGC-KS-3993-7_SFRC01117-A01_external_SSXTLICREV2_L000
SFRC01117_B1,MGC-KS-3993-6,F1,B01,GAATCTGA,2.85,378,11.6,50M,,220304_A01221_0106_MGC-KS-3993-6_SFRC01117-B1_external_SSXTLICREV2_L000
SFRC01206_1E,MGC-KS-3957-12,D2,D10,AAGAGATC,5.49,275,30.71,150M,,220304_A01221_0106_MGC-KS-3957-12_SFRC01206-1E_external_SSXTLICREV2_L000
SFRC01206_B1,MGC-KS-3957-11,C2,C10,AGATCGCA,7.16,342,32.21,50M,,220304_A01221_0106_MGC-KS-3957-11_SFRC01206-B1_external_SSXTLICREV2_L000
SFRC01348_A31,MGC-KS-4047-1,H1,D01,CACTTCGA,2,270,11.4,150M,,220225_A01221_0105_MGC-KS-4047-1_SFRC01348-A31_external_SSXTLICREV2_L000
SFRC01348_A31,MGC-KS-4047-1,H1,D01,CACTTCGA,2,270,11.4,150M,,220304_A01221_0106_MGC-KS-4047-1_SFRC01348-A31_external_SSXTLICREV2_L000
SFRC01348_B1,MGC-KS-4047-2,A2,E01,GCCAAGAC,4.01,384,16.07,50M,,220304_A01221_0106_MGC-KS-4047-2_SFRC01348-B1_external_SSXTLICREV2_L000
SFRC01363_B1,MGC-AC-4070-12,C4,G03,ACTATGCA,2.23,351,9.77,50M,,220225_A00692_0271_MGC-AC-4070-12_SFRC01363-B1_external_SSXTLICREV2_L000
SFRC01363_C6,MGC-AC-4070-3,B3,F02,GATAGACA,3.28,322,15.67,300M,,220225_A00692_0271_MGC-AC-4070-3_SFRC01363-C6_external_SSXTLICREV2_L000
SFRC01369_1.12,MGC-KS-3993-1,A1,E12,ACACAGAA,5.32,317,25.82,200M,,220225_A01221_0105_MGC-KS-3993-1_SFRC01369-1-12_external_SSXTLICREV2_L000
SFRC01385_3B,MGC-AC-4070-4,C3,G02,AAGGACAC,2.02,233,13.34,300M,degraded?,220225_A00692_0271_MGC-AC-4070-4_SFRC01385-3B_external_SSXTLICREV2_L000
SFRC01385_B1,MGC-AC-4070-13,D4,H03,CGGATTGC,1.8,364,7.61,50M,,220225_A00692_0271_MGC-AC-4070-13_SFRC01385-B1_external_SSXTLICREV2_L000
SFRC01391_1K,MGC-KS-4047-3,B2,F01,GACTAGTA,1.99,286,10.7,150M,,220225_A01221_0105_MGC-KS-4047-3_SFRC01391-1K_external_SSXTLICREV2_L000
SFRC01391_B1,MGC-KS-4047-4,C2,G01,ATTGGCTC,2.42,350,10.64,50M,,220225_A01221_0105_MGC-KS-4047-4_SFRC01391-B1_external_SSXTLICREV2_L000
SFRC01392_1U,MGC-KS-3993-3,C1,G12,AACCGAGA,1.96,259,11.64,300M,,220225_A01221_0105_MGC-KS-3993-3_SFRC01392-1U_external_SSXTLICREV2_L000
SFRC01392_B1,MGC-KS-3993-2,B1,F12,GAACAGGC,3.8,362,16.15,50M,,220304_A01221_0106_MGC-KS-3993-2_SFRC01392-B1_external_SSXTLICREV2_L000
SFRC01396_2F,MGC-KS-4047-5,D2,H01,GATGAATC,3.86,275,21.59,300M,,220225_A01221_0105_MGC-KS-4047-5_SFRC01396-2F_external_SSXTLICREV2_L000
SFRC01396_B1,MGC-KS-4047-6,E2,A02,AGCAGGAA,4.34,370,18.05,50M,,220304_A01221_0106_MGC-KS-4047-6_SFRC01396-B1_external_SSXTLICREV2_L000
SFRC01429_1U,MGC-AC-4070-1,H2,D02,GAGTTAGC,3.02,309,15.04,300M,,220225_A01221_0105_MGC-AC-4070-1_SFRC01429-1U_external_SSXTLICREV2_L000
SFRC01429_B1,MGC-AC-4070-10,A4,E03,ACCTCCAA,3.66,376,14.98,50M,,220304_A01221_0106_MGC-AC-4070-10_SFRC01429-B1_external_SSXTLICREV2_L000
SFRC01430_1V,MGC-AC-4070-9,H3,D03,CTGGCATA,1.03,315,5.03,300M,,220304_A01221_0106_MGC-AC-4070-9_SFRC01430_1V_external_SSXTLICREV2_L000
SFRC01430_B1,MGC-AC-4070-18,A5,E04,CTGTAGCC,2.68,404,10.21,50M,,220225_A00692_0271_MGC-AC-4070-18_SFRC01430-B1_external_SSXTLICREV2_L000
SFRC01431_1.2,MGC-AC-4070-5,D3,H02,GACAGTGC,3.38,270,19.26,200M,,220225_A00692_0271_MGC-AC-4070-5_SFRC01431-1-2_external_SSXTLICREV2_L000
SFRC01431_B1,MGC-AC-4070-14,E4,A04,AACTCACC,5.19,360,22.18,50M,,220304_A01221_0106_MGC-AC-4070-14_SFRC01431-B1_external_SSXTLICREV2_L000
SFRC01435_1.9,MGC-KS-3957-8,H1,H09,CGCATACA,5.62,323,26.77,200M,,220304_A01221_0106_MGC-KS-3957-8_SFRC01435-1-9_external_SSXTLICREV2_L000
SFRC01435_B1,MGC-KS-3957-7,G1,G09,CCGAAGTA,4.95,378,20.15,50M,,220304_A01221_0106_MGC-KS-3957-7_SFRC01435-B1_external_SSXTLICREV2_L000
SFRC01437_A5,MGC-AC-4070-6,E3,A03,ATCATTCC,2.03,321,9.73,200M,,220225_A00692_0271_MGC-AC-4070-6_SFRC01437-A5_external_SSXTLICREV2_L000
SFRC01437_B1,MGC-AC-4070-15,F4,B04,GCTAACGA,3.17,346,14.1,50M,,220304_A01221_0106_MGC-AC-4070-15_SFRC01437-B1_external_SSXTLICREV2_L000
SFRC01441_1D11U,MGC-KS-3957-10,B2,B10,TGAAGAGA,6.67,321,31.97,200M,,220304_A01221_0106_MGC-KS-3957-10_SFRC01441-1D11U_external_SSXTLICREV2_L000
SFRC01441_B1,MGC-KS-3957-9,A2,A10,AATGTTGC,15.5,385,61.94,50M,,220304_A01221_0106_MGC-KS-3957-9_SFRC01441-B1_external_SSXTLICREV2_L000
SFRC01454_2C,MGC-KS-3993-5,E1,A01,ATGCCTAA,2.44,317,11.84,150M,,220225_A01221_0105_MGC-KS-3993-5_SFRC01454-2C_external_SSXTLICREV2_L000
SFRC01454_B1,MGC-KS-3993-4,D1,H12,ACAAGCTA,4.57,346,20.32,50M,,220304_A01221_0106_MGC-KS-3993-4_SFRC01454-B1_external_SSXTLICREV2_L000
SFRC01457_B1,MGC-KS-3957-3,C1,C09,AGGCTAAC,7.15,377,29.18,50M,,220304_A01221_0106_MGC-KS-3957-3_SFRC01457-B1_external_SSXTLICREV2_L000
SFRC01457_C,MGC-KS-3957-4,D1,D09,CCATCCTC,3.43,357,14.78,200M,,220304_A01221_0106_MGC-KS-3957-4_SFRC01457-C_external_SSXTLICREV2_L000
SFRC01461_1.7,MGC-KS-3957-2,B1,B09,TCCGTCTA,1.24,259,7.37,200M,degraded?,220304_A01221_0106_MGC-KS-3957-2_SFRC01461-1-7_external_SSXTLICREV2_L000
SFRC01461_B1,MGC-KS-3957-1,A1,A09,CTCAATGA,4.22,391,16.6,50M,,220225_A00692_0271_MGC-KS-3957-1_SFRC01461-B1_external_SSXTLICREV2_L000
SFRC01466_1.5,MGC-AC-4070-7,F3,B03,GCCACATA,2.95,276,16.44,200M,,220225_A00692_0271_MGC-AC-4070-7_SFRC01466-1-5_external_SSXTLICREV2_L000
SFRC01466_B1,MGC-AC-4070-16,G4,C04,CAGATCTG,1.73,346,7.69,50M,,220225_A00692_0271_MGC-AC-4070-16_SFRC01466-B1_external_SSXTLICREV2_L000
SFRC01477_2D,MGC-AC-4070-8,G3,C03,ACCACTGT,3.34,320,16.06,200M,,220225_A00692_0271_MGC-AC-4070-8_SFRC01477-2D_external_SSXTLICREV2_L000
SFRC01477_B1,MGC-AC-4070-17,H4,D04,ATCCTGTA,2.21,350,9.71,50M,,220225_A00692_0271_MGC-AC-4070-17_SFRC01477-B1_external_SSXTLICREV2_L000